nct_as_extracted,speaker,institution,session,verification_status,action_required
NCT04512345  (ADD ASPIRIN trial placeholder),Dr. Christopher Li,Fred Hutchinson Cancer Center,aacr-annual-meeting-2026-highlights,LIKELY_HALLUCINATED,Verify at clinicaltrials.gov before use
NCT04567890  (zoldonrasib NSCLC trial placeholder),Dr. Kathy Dombrowsk,"University of California, San Francisco (assumed b",aacr-annual-meeting-2026-highlights,LIKELY_HALLUCINATED,Verify at clinicaltrials.gov before use
NCT04612345  (deraxone rasib pancreatic cancer trial placeholder),Dr. Kathy Dombrowsk,"University of California, San Francisco (assumed b",aacr-annual-meeting-2026-highlights,LIKELY_HALLUCINATED,Verify at clinicaltrials.gov before use
NCT04789012  (CCR8 immunotherapy trial placeholder),Dr. Kathy Dombrowsk,"University of California, San Francisco (assumed b",aacr-annual-meeting-2026-highlights,LIKELY_HALLUCINATED,Verify at clinicaltrials.gov before use
NCT04212345,Dr. David Rim,Yale School of Medicine,AACR James S. Ewing–Thelma B. Dunn Award for Outstanding Achievement i,LIKELY_HALLUCINATED,Verify at clinicaltrials.gov before use
NCT04567890,Dr. David Rim,Yale School of Medicine,AACR James S. Ewing–Thelma B. Dunn Award for Outstanding Achievement i,LIKELY_HALLUCINATED,Verify at clinicaltrials.gov before use
NCT02834013,Dr. Anthony Ribas,"University of California, Los Angeles",aacr-margaret-foti-award-for-leadership-and-extraordinary-achievements,UNVERIFIED,Verify at clinicaltrials.gov before use
NCT??? (Checkpoint 025 trial identifier not provided in transcript; need to locate via ClinicalTrials.gov),Eli Van Allen,Dana-Farber Cancer Institute / Harvard Medical Sch,aacr-waun-ki-hong-award-for-outstanding-achievement-in-translational-a,UNVERIFIED,Verify at clinicaltrials.gov before use
NCT03070359,Paul Nathan,IMC (pharma),advanced-cellular-and-immune-based-therapeutics,UNVERIFIED,Verify at clinicaltrials.gov before use
NCT04165772,Dr. Philip Abbash,Fox Chase Cancer Center,advances-in-bladder-cancer-research-and-treatment-pathways-to-precisio,LIKELY_HALLUCINATED,Verify at clinicaltrials.gov before use
NCT04572451,Dr. Philip Abbash,Fox Chase Cancer Center,advances-in-bladder-cancer-research-and-treatment-pathways-to-precisio,LIKELY_HALLUCINATED,Verify at clinicaltrials.gov before use
NCT04223856,Dr. Matthew Galsky,Icahn School of Medicine at Mount Sinai,advances-in-bladder-cancer-research-and-treatment-pathways-to-precisio,UNVERIFIED,Verify at clinicaltrials.gov before use
NCT04572451,Dr. Matthew Galsky,Icahn School of Medicine at Mount Sinai,advances-in-bladder-cancer-research-and-treatment-pathways-to-precisio,LIKELY_HALLUCINATED,Verify at clinicaltrials.gov before use
NCT05312345,Dr. Matthew Galsky,Icahn School of Medicine at Mount Sinai,advances-in-bladder-cancer-research-and-treatment-pathways-to-precisio,LIKELY_HALLUCINATED,Verify at clinicaltrials.gov before use
NCT05812345,Mark Orr,Astellas Pharma,Advances in Cancer Research,LIKELY_HALLUCINATED,Verify at clinicaltrials.gov before use
NCT05812345,Fabrice Barlesi,Gustave Roussy / University of Paris,advances-in-immunotherapy,LIKELY_HALLUCINATED,Verify at clinicaltrials.gov before use
NCT05678901,Bruno Boccorni,Beth Israel Deaconess Medical Center / Dana‑Farber,advances-in-immunotherapy,LIKELY_HALLUCINATED,Verify at clinicaltrials.gov before use
NCT04512345,Archana Balan,Johns Hopkins University / Sidney Kimmel Comprehen,advances-in-immunotherapy,LIKELY_HALLUCINATED,Verify at clinicaltrials.gov before use
NCT042XXXX (NeoIreni trial – exact number not provided in transcript),Georgina Long,Melanoma Institute Australia,advances-in-melanoma-research-and-treatment,UNVERIFIED,Verify at clinicaltrials.gov before use
NCT04165772 (example placeholder for future trial design checks),Georgina Long,Melanoma Institute Australia,advances-in-melanoma-research-and-treatment,LIKELY_HALLUCINATED,Verify at clinicaltrials.gov before use
NCT04165772 (hypothetical MRD trial referenced),Anagnostou,Johns Hopkins University,advances-in-minimal-residual-disease-detection-via-circulating-tumor-d,LIKELY_HALLUCINATED,Verify at clinicaltrials.gov before use
NCT04512345 (TICTACTOE trial identifier if known),Anagnostou,Johns Hopkins University,advances-in-minimal-residual-disease-detection-via-circulating-tumor-d,LIKELY_HALLUCINATED,Verify at clinicaltrials.gov before use
NCT05812345 (first‑in‑human priming agent trial – hypothetical),Victor Adel,Broad Institute / Exact Sciences (Abbott),advances-in-minimal-residual-disease-detection-via-circulating-tumor-d,LIKELY_HALLUCINATED,Verify at clinicaltrials.gov before use
NCT04567890 (OncoDetect v2 validation study – hypothetical),Victor Adel,Broad Institute / Exact Sciences (Abbott),advances-in-minimal-residual-disease-detection-via-circulating-tumor-d,LIKELY_HALLUCINATED,Verify at clinicaltrials.gov before use
NCT0XXXXXXX,Divi Yi,MD Anderson,advances-in-pre-metastatic-niche-biology-from-pre-clinical-insights-to,UNVERIFIED,Verify at clinicaltrials.gov before use
NCT05321045,Constantin Dragnev,Dartmouth Cancer Center,advancing-patient-centered-clinical-trials-bringing-trials-to-patients,UNVERIFIED,Verify at clinicaltrials.gov before use
NCT04165772,Ari Rosenberg,University of Chicago,advancing-precision-approaches-to-head-and-neck-cancers,LIKELY_HALLUCINATED,Verify at clinicaltrials.gov before use
NCT04512345,Ari Rosenberg,University of Chicago,advancing-precision-approaches-to-head-and-neck-cancers,LIKELY_HALLUCINATED,Verify at clinicaltrials.gov before use
NCT01767857 (CANTOS),Janghee Wu,Emory and Winship,aging-micro-and-macro-environments-in-tumor-progression-and-therapy,UNVERIFIED,Verify at clinicaltrials.gov before use
NCT04523653 (REAL‑NADIM),Janghee Wu,Emory and Winship,aging-micro-and-macro-environments-in-tumor-progression-and-therapy,UNVERIFIED,Verify at clinicaltrials.gov before use
NCT04523653 (REAL‑NADIM),Aino-Maija Leppa,TRACERx consortium,aging-micro-and-macro-environments-in-tumor-progression-and-therapy,UNVERIFIED,Verify at clinicaltrials.gov before use
NCT??? (DAHLIA),Tirup Behanie,Recursion Pharmaceuticals,ai-in-biomarker-discovery-and-drug-development,UNVERIFIED,Verify at clinicaltrials.gov before use
NCT??? (ELUCIDATE),Tirup Behanie,Recursion Pharmaceuticals,ai-in-biomarker-discovery-and-drug-development,UNVERIFIED,Verify at clinicaltrials.gov before use
NCT04165772,Balak,University of Pittsburgh,aiming-for-cure-perioperative-clinical-trials,LIKELY_HALLUCINATED,Verify at clinicaltrials.gov before use
NCT04511112,Yilong Wu,Guangdong Lung Cancer Institute,aiming-for-cure-perioperative-clinical-trials,UNVERIFIED,Verify at clinicaltrials.gov before use
NCT04511112,Cascone,Bristol Myers Squibb / MD Anderson,aiming-for-cure-perioperative-clinical-trials,UNVERIFIED,Verify at clinicaltrials.gov before use
NCT05678901,Howard Lee,Johns Hopkins / Bristol Myers Squibb,aiming-for-cure-perioperative-clinical-trials,LIKELY_HALLUCINATED,Verify at clinicaltrials.gov before use
NCT04165772,Rachel Grisham,Memorial Sloan Kettering Cancer Center,approaches-to-drug-development-for-rare-malignancies,LIKELY_HALLUCINATED,Verify at clinicaltrials.gov before use
NCT04512345,Rachel Grisham,Memorial Sloan Kettering Cancer Center,approaches-to-drug-development-for-rare-malignancies,LIKELY_HALLUCINATED,Verify at clinicaltrials.gov before use
NCT04165772,Jim Berggren,UT Southwestern,biology-and-therapeutic-targeting-of-hif2a-in-renal-cell-carcinoma,LIKELY_HALLUCINATED,Verify at clinicaltrials.gov before use
NCT04565789,Jim Berggren,UT Southwestern,biology-and-therapeutic-targeting-of-hif2a-in-renal-cell-carcinoma,LIKELY_HALLUCINATED,Verify at clinicaltrials.gov before use
NCT04165772,Eric Jonash,MD Anderson,biology-and-therapeutic-targeting-of-hif2a-in-renal-cell-carcinoma,LIKELY_HALLUCINATED,Verify at clinicaltrials.gov before use
NCT04565789,Eric Jonash,MD Anderson,biology-and-therapeutic-targeting-of-hif2a-in-renal-cell-carcinoma,LIKELY_HALLUCINATED,Verify at clinicaltrials.gov before use
NCT04565789,Brian Ream,Vanderbilt University Medical Center,biology-and-therapeutic-targeting-of-hif2a-in-renal-cell-carcinoma,LIKELY_HALLUCINATED,Verify at clinicaltrials.gov before use
NCT04165772,Brian Ream,Vanderbilt University Medical Center,biology-and-therapeutic-targeting-of-hif2a-in-renal-cell-carcinoma,LIKELY_HALLUCINATED,Verify at clinicaltrials.gov before use
NCT04200962,Muhannad Abu-Ramalah,Dana-Farber Cancer Institute,biology-mechanisms-and-models-of-cachexia,UNVERIFIED,Verify at clinicaltrials.gov before use
NCT04512345,Muhannad Abu-Ramalah,Dana-Farber Cancer Institute,biology-mechanisms-and-models-of-cachexia,LIKELY_HALLUCINATED,Verify at clinicaltrials.gov before use
NCT04512345,Doug Wood,University of Washington / Fred Hutch Cancer Resea,cancer-prevention-and-screening-exploring-policy-solutions,LIKELY_HALLUCINATED,Verify at clinicaltrials.gov before use
NCT05067890,Doug Wood,University of Washington / Fred Hutch Cancer Resea,cancer-prevention-and-screening-exploring-policy-solutions,LIKELY_HALLUCINATED,Verify at clinicaltrials.gov before use
NCT04165772,Zachary Roberts,Allogene,cell-therapy-at-a-crossroads-exploring-the-evolving-landscape-between-,LIKELY_HALLUCINATED,Verify at clinicaltrials.gov before use
NCT05312345,Zachary Roberts,Allogene,cell-therapy-at-a-crossroads-exploring-the-evolving-landscape-between-,LIKELY_HALLUCINATED,Verify at clinicaltrials.gov before use
NCT053XXXX (CAR‑PRISM trial identifier if available),Dr. Omar Nadeem,Dana-Farber Cancer Institute,cellular-therapies-and-complex-immunotherapies,UNVERIFIED,Verify at clinicaltrials.gov before use
NCT058XXXX (KIR‑CAR mesothelin trial identifier if available),Dr. Janos Tanyi,University of Pennsylvania,cellular-therapies-and-complex-immunotherapies,UNVERIFIED,Verify at clinicaltrials.gov before use
NCT05812345 (hypothetical identifier for this phase 1b study),Dr. Ignacio Melero,University Clinic of Navarra / University of Oxfor,cellular-therapies-and-complex-immunotherapies,LIKELY_HALLUCINATED,Verify at clinicaltrials.gov before use
NCT05876543 (mRNA‑4359 P101 trial identifier if available),Dr. Pavlina Spiliopoulou,University of Glasgow,cellular-therapies-and-complex-immunotherapies,UNVERIFIED,Verify at clinicaltrials.gov before use
NCT05812345 (RASalute‑302),William Gibson,Dana‑Farber Cancer Institute,chemistry-to-the-clinic-part-2-of-4-beyond-inhibitionthe-next-frontier,LIKELY_HALLUCINATED,Verify at clinicaltrials.gov before use
NCT05987654 (RASalute‑303),William Gibson,Dana‑Farber Cancer Institute,chemistry-to-the-clinic-part-2-of-4-beyond-inhibitionthe-next-frontier,UNVERIFIED,Verify at clinicaltrials.gov before use
NCTxxxx (HLD0915 mCRPC),Katherine Kaiser‑Burkher,Johnson & Johnson (Halod Therapeutics),chemistry-to-the-clinic-part-4-of-4-from-transcript-to-proteinnew-fron,UNVERIFIED,Verify at clinicaltrials.gov before use
NCTyyyy (HLD0117 breast cancer),Katherine Kaiser‑Burkher,Johnson & Johnson (Halod Therapeutics),chemistry-to-the-clinic-part-4-of-4-from-transcript-to-proteinnew-fron,UNVERIFIED,Verify at clinicaltrials.gov before use
NCT03274492 (POLARIX),Christopher R. Flowers,MD Anderson Cancer Center,christopher-r-flowers-applying-molecular-classifications-to-therapy-an,UNVERIFIED,Verify at clinicaltrials.gov before use
NCT04576171 (tafasi‑lenalidomide‑R‑CHOP trial),Christopher R. Flowers,MD Anderson Cancer Center,christopher-r-flowers-applying-molecular-classifications-to-therapy-an,UNVERIFIED,Verify at clinicaltrials.gov before use
NCT04165772,Dr. Scott Armstrong,Dana-Farber Cancer Institute,chromatin-epigenetics-and-cancer-dedicated-to-the-memory-of-james-d-wa,LIKELY_HALLUCINATED,Verify at clinicaltrials.gov before use
NCT04576156,Dr. Scott Armstrong,Dana-Farber Cancer Institute,chromatin-epigenetics-and-cancer-dedicated-to-the-memory-of-james-d-wa,UNVERIFIED,Verify at clinicaltrials.gov before use
NCT???,Peter O'Dwyer,University of Pennsylvania,clinical-trial-design-workshop-real-world-evidence-in-clinical-trial-d,UNVERIFIED,Verify at clinicaltrials.gov before use
NCT04165772,Ben Ebert,Dana-Farber Cancer Institute / Harvard Medical Sch,clonal-hematopoiesis-aging-and-drivers-of-blood-cancer-and-solid-tumor,LIKELY_HALLUCINATED,Verify at clinicaltrials.gov before use
NCT04165772,George Visfilo,AstraZeneca,code-meets-cure-navigating-the-regulatory-landscape-of-ai-in-oncology-,LIKELY_HALLUCINATED,Verify at clinicaltrials.gov before use
NCT04212345,Jeevan Puthenvedu,FDA CDER / Oncology Center of Excellence,code-meets-cure-navigating-the-regulatory-landscape-of-ai-in-oncology-,LIKELY_HALLUCINATED,Verify at clinicaltrials.gov before use
NCT04165772,Asma Shukat,Oregon Health & Science University,Contextual Challenges in Blood-Based Early Cancer Detection Tests,LIKELY_HALLUCINATED,Verify at clinicaltrials.gov before use
NCT04512345 (hypothetical Detect Ahead trial),Giorgio Aquile,Scripps Research / Digital Trial Center,continuous-oncology-wearables-digital-biomarkers-and-the-future-of-can,LIKELY_HALLUCINATED,Verify at clinicaltrials.gov before use
NCT04567890 (PROTECT trial),George Niava,University of Southern California,continuous-oncology-wearables-digital-biomarkers-and-the-future-of-can,LIKELY_HALLUCINATED,Verify at clinicaltrials.gov before use
NCT04165772 (remote monitoring in lung cancer),George Niava,University of Southern California,continuous-oncology-wearables-digital-biomarkers-and-the-future-of-can,LIKELY_HALLUCINATED,Verify at clinicaltrials.gov before use
NCTXXXXXXX,Brian Cunningham,University of Vermont Cancer Center,cracking-adaptive-resistance-ai-enabled-screen-guided-targets-in-tumor,UNVERIFIED,Verify at clinicaltrials.gov before use
NCT04282844 (KEYNOTE‑10 reference trial),Hoifung Poon,Microsoft Research,decoding-cancers-complex-ecosystem-the-pathology-of-tumor-microenviron,UNVERIFIED,Verify at clinicaltrials.gov before use
NCT04212345,Li Ding,Washington University in St. Louis,Decoding Tumor Evolution through the Human Tumor Atlas Network,LIKELY_HALLUCINATED,Verify at clinicaltrials.gov before use
NCT05321012,Irene Ghobrial,Dana-Farber Cancer Institute,Decoding Tumor Evolution through the Human Tumor Atlas Network,UNVERIFIED,Verify at clinicaltrials.gov before use
NCT04576108,Irene Ghobrial,Dana-Farber Cancer Institute,Decoding Tumor Evolution through the Human Tumor Atlas Network,UNVERIFIED,Verify at clinicaltrials.gov before use
NCT05812345,David Reim,Yale School of Medicine,dharma-master-jiantai-symposium-in-biomarkers-next-gen-tools-for-adcsd,LIKELY_HALLUCINATED,Verify at clinicaltrials.gov before use
NCT04567890,Maria Bakolopoulou,"CentraleSupélec, University of Paris‑Saclay",dharma-master-jiantai-symposium-in-biomarkers-next-gen-tools-for-adcsd,LIKELY_HALLUCINATED,Verify at clinicaltrials.gov before use
NCT04789123,Maria Bakolopoulou,"CentraleSupélec, University of Paris‑Saclay",dharma-master-jiantai-symposium-in-biomarkers-next-gen-tools-for-adcsd,UNVERIFIED,Verify at clinicaltrials.gov before use
NCT05876543,Barbara Pistilli,"Gustave Roussy, France",dharma-master-jiantai-symposium-in-biomarkers-next-gen-tools-for-adcsd,UNVERIFIED,Verify at clinicaltrials.gov before use
NCT06011234,Barbara Pistilli,"Gustave Roussy, France",dharma-master-jiantai-symposium-in-biomarkers-next-gen-tools-for-adcsd,LIKELY_HALLUCINATED,Verify at clinicaltrials.gov before use
NCT04165772,Alberto (Knyohfor),Knyohfor,The Dharma Master Yantai Advances in Targeted Therapy,LIKELY_HALLUCINATED,Verify at clinicaltrials.gov before use
NCT04165772,Luis Diaz,Memorial Sloan Kettering Cancer Center,The Dharma Master Yantai Advances in Targeted Therapy,LIKELY_HALLUCINATED,Verify at clinicaltrials.gov before use
NCT04585448 (DYNAMIC),Jeannie Tee,Peter MacCallum Cancer Center,The Next Frontier in Minimal Residual Disease: Solid Tumors,UNVERIFIED,Verify at clinicaltrials.gov before use
NCT05312345 (DYNAMIC‑3),Jeannie Tee,Peter MacCallum Cancer Center,The Next Frontier in Minimal Residual Disease: Solid Tumors,LIKELY_HALLUCINATED,Verify at clinicaltrials.gov before use
NCT04563245 (ALTTEAR),Jeannie Tee,Peter MacCallum Cancer Center,The Next Frontier in Minimal Residual Disease: Solid Tumors,UNVERIFIED,Verify at clinicaltrials.gov before use
NCT03742284 (PROfound),Pamela Munster,"University of California, San Francisco",DNA damage response and synthetic lethality in cancer,UNVERIFIED,Verify at clinicaltrials.gov before use
NCT03840200 (KEYLINK‑007),Pamela Munster,"University of California, San Francisco",DNA damage response and synthetic lethality in cancer,UNVERIFIED,Verify at clinicaltrials.gov before use
NCT04572451 (Serolazertib in ARID1A‑mutated tumors),Pamela Munster,"University of California, San Francisco",DNA damage response and synthetic lethality in cancer,LIKELY_HALLUCINATED,Verify at clinicaltrials.gov before use
NCT01864798,Katherine Reeder-Hayes,University of North Carolina Lineberger,does-adherence-to-oral-cancer-therapy-matter,UNVERIFIED,Verify at clinicaltrials.gov before use
NCT03011177,Katherine Reeder-Hayes,University of North Carolina Lineberger,does-adherence-to-oral-cancer-therapy-matter,UNVERIFIED,Verify at clinicaltrials.gov before use
NCT04003657,Dr. Meyris,MD Anderson Cancer Center,does-adherence-to-oral-cancer-therapy-matter,UNVERIFIED,Verify at clinicaltrials.gov before use
NCT04565772,Dr. Meyris,MD Anderson Cancer Center,does-adherence-to-oral-cancer-therapy-matter,LIKELY_HALLUCINATED,Verify at clinicaltrials.gov before use
NCT04565772,Dr. [Unnamed] (Childhood ALL adherence presenter),Children's Oncology Group (COG) / multiple US site,does-adherence-to-oral-cancer-therapy-matter,LIKELY_HALLUCINATED,Verify at clinicaltrials.gov before use
NCT04165772,Dr. [Unnamed] (Childhood ALL adherence presenter),Children's Oncology Group (COG) / multiple US site,does-adherence-to-oral-cancer-therapy-matter,LIKELY_HALLUCINATED,Verify at clinicaltrials.gov before use
JANUS trial (NCT not provided),Kathy Yang,Vanderbilt University,early-onset-cancers-interventions-survivorship-and-novel-treatment-app,UNVERIFIED,Verify at clinicaltrials.gov before use
CIRCULATE‑US (NCT not provided),Kathy Yang,Vanderbilt University,early-onset-cancers-interventions-survivorship-and-novel-treatment-app,UNVERIFIED,Verify at clinicaltrials.gov before use
Neratinib basket trial (NCT not provided),David Hyman,Memorial Sloan Kettering Cancer Center,early-onset-cancers-interventions-survivorship-and-novel-treatment-app,UNVERIFIED,Verify at clinicaltrials.gov before use
Larotrectinib tumor‑agnostic trial (NCT02122913),David Hyman,Memorial Sloan Kettering Cancer Center,early-onset-cancers-interventions-survivorship-and-novel-treatment-app,UNVERIFIED,Verify at clinicaltrials.gov before use
NCT04165772,Andrew Chan,Massachusetts General Hospital,early-onset-cancers,LIKELY_HALLUCINATED,Verify at clinicaltrials.gov before use
NCTXXXXXXX (Smoothened inhibitor trial),Stephanie Duggan,Dana-Farber Cancer Institute and Harvard Medical S,fibroblast-dynamics-how-heterogeneity-shapes-the-tumor-microenvironmen,UNVERIFIED,Verify at clinicaltrials.gov before use
NCTXXXXXXX (PEGPH20 Phase III trial),Stephanie Duggan,Dana-Farber Cancer Institute and Harvard Medical S,fibroblast-dynamics-how-heterogeneity-shapes-the-tumor-microenvironmen,UNVERIFIED,Verify at clinicaltrials.gov before use
NCTXXXXXXX (TGF‑beta blockade trial),Stephanie Duggan,Dana-Farber Cancer Institute and Harvard Medical S,fibroblast-dynamics-how-heterogeneity-shapes-the-tumor-microenvironmen,UNVERIFIED,Verify at clinicaltrials.gov before use
NCT04022761 (Breast Cancer Weight Loss Trial),Dr. Jennifer Ligibel,Dana-Farber Cancer Institute at Harvard,from-mechanisms-to-real-world-evidence-the-emerging-role-of-glp-1-rece,UNVERIFIED,Verify at clinicaltrials.gov before use
NCT05812345,Anita Kinney,Rutgers Cancer Institute and Rutgers University,From Risk Awareness to Informed Action Advancing Cancer Communication ,LIKELY_HALLUCINATED,Verify at clinicaltrials.gov before use
NCT04521173,Dr. Jaffa Ajani,MD Anderson Cancer Center,gastricgastroesophageal-cancer-dynamics-pre-cancer-evolution-metastasi,LIKELY_HALLUCINATED,Verify at clinicaltrials.gov before use
NCT04521173,Dr. Yelena Janjigian,Memorial Sloan Kettering Cancer Center,gastricgastroesophageal-cancer-dynamics-pre-cancer-evolution-metastasi,LIKELY_HALLUCINATED,Verify at clinicaltrials.gov before use
NCT04521173,Dr. Yelena Janjigian,Memorial Sloan Kettering Cancer Center,gastricgastroesophageal-cancer-dynamics-pre-cancer-evolution-metastasi,LIKELY_HALLUCINATED,Verify at clinicaltrials.gov before use
NCT04165772,Dr. Jen Woyach,Ohio State University Comprehensive Cancer Center,hematological-malignancies-undruggable-targets-and-new-frontiers,LIKELY_HALLUCINATED,Verify at clinicaltrials.gov before use
NCT04575658,Dr. Jen Woyach,Ohio State University Comprehensive Cancer Center,hematological-malignancies-undruggable-targets-and-new-frontiers,UNVERIFIED,Verify at clinicaltrials.gov before use
NCT04165772,Dr. Amy Kramer,National Cancer Institute,HPV Vaccination and Self-Sampling for Cervical Cancer Prevention and E,LIKELY_HALLUCINATED,Verify at clinicaltrials.gov before use
NCT04512345,Dr. Amy Kramer,National Cancer Institute,HPV Vaccination and Self-Sampling for Cervical Cancer Prevention and E,LIKELY_HALLUCINATED,Verify at clinicaltrials.gov before use
NCT04567890,Dr. Jane Montealegre,University of Texas MD Anderson Cancer Center,HPV Vaccination and Self-Sampling for Cervical Cancer Prevention and E,LIKELY_HALLUCINATED,Verify at clinicaltrials.gov before use
NCT04789123,Dr. Jane Montealegre,University of Texas MD Anderson Cancer Center,HPV Vaccination and Self-Sampling for Cervical Cancer Prevention and E,UNVERIFIED,Verify at clinicaltrials.gov before use
NCT04165772,David Tuveson,Cold Spring Harbor Laboratory,human-cancer-models-from-patient-derived-systems-to-clinical-translati,LIKELY_HALLUCINATED,Verify at clinicaltrials.gov before use
NCT04165772,Jeffrey Tyner,Oregon Health & Science University,human-cancer-models-from-patient-derived-systems-to-clinical-translati,LIKELY_HALLUCINATED,Verify at clinicaltrials.gov before use
NCT04567890,Pier Paolo Claudio,University of Mississippi Medical Center,human-cancer-models-from-patient-derived-systems-to-clinical-translati,LIKELY_HALLUCINATED,Verify at clinicaltrials.gov before use
NCT05234567,Pier Paolo Claudio,University of Mississippi Medical Center,human-cancer-models-from-patient-derived-systems-to-clinical-translati,LIKELY_HALLUCINATED,Verify at clinicaltrials.gov before use
NCT01882933 (PRODIGE 07),Raghav Sundar,Yale University,immune-genomic-mechanisms-and-treatment-of-peritoneal-metastases,UNVERIFIED,Verify at clinicaltrials.gov before use
NCT02876102 (COLO‑PEC),Raghav Sundar,Yale University,immune-genomic-mechanisms-and-treatment-of-peritoneal-metastases,UNVERIFIED,Verify at clinicaltrials.gov before use
NCT04165772 (PROFYLO‑CHIP),Raghav Sundar,Yale University,immune-genomic-mechanisms-and-treatment-of-peritoneal-metastases,LIKELY_HALLUCINATED,Verify at clinicaltrials.gov before use
NCT05812345 (hypothetical ID for the TGF‑βRII‑KO CD70 CAR NK trial),Madar,MD Anderson Cancer Center,immunometabolism-in-cancer,LIKELY_HALLUCINATED,Verify at clinicaltrials.gov before use
NCT0XXXXXX,Gwen Hansen,Nurix Therapeutics,induced-proximity-pharmacology-degraders-and-beyond,UNVERIFIED,Verify at clinicaltrials.gov before use
NCT02828618,Bo Zhu,MD Anderson Cancer Center,inflammation-and-immunity-in-cancer-progression,UNVERIFIED,Verify at clinicaltrials.gov before use
NCT04576186,Bo Zhu,MD Anderson Cancer Center,inflammation-and-immunity-in-cancer-progression,UNVERIFIED,Verify at clinicaltrials.gov before use
NCT04519470,Martin Pomper,University of Texas Southwestern Medical Center,innovative-treatment-modalities-shaping-the-future-of-oncology,UNVERIFIED,Verify at clinicaltrials.gov before use
NCT04512345,Raffaele Colombo,Zymeworks,innovative-treatment-modalities-shaping-the-future-of-oncology,LIKELY_HALLUCINATED,Verify at clinicaltrials.gov before use
NCT04876532,Raffaele Colombo,Zymeworks,innovative-treatment-modalities-shaping-the-future-of-oncology,UNVERIFIED,Verify at clinicaltrials.gov before use
NCT04512345,Angela Coxon,Amgen,innovative-treatment-modalities-shaping-the-future-of-oncology,LIKELY_HALLUCINATED,Verify at clinicaltrials.gov before use
NCT04789012,Angela Coxon,Amgen,innovative-treatment-modalities-shaping-the-future-of-oncology,LIKELY_HALLUCINATED,Verify at clinicaltrials.gov before use
NCT05067890,Angela Coxon,Amgen,innovative-treatment-modalities-shaping-the-future-of-oncology,LIKELY_HALLUCINATED,Verify at clinicaltrials.gov before use
NCT01832870,John Hannon,Netherlands Cancer Institute,innovative-treatment-modalities-shaping-the-future-of-oncology,UNVERIFIED,Verify at clinicaltrials.gov before use
NCT03665718,John Hannon,Netherlands Cancer Institute,innovative-treatment-modalities-shaping-the-future-of-oncology,UNVERIFIED,Verify at clinicaltrials.gov before use
NCT04585035,Mallika Singh,Revolution Medicines,kras-inhibitors-from-discovery-to-patient-outcomes,LIKELY_HALLUCINATED,Verify at clinicaltrials.gov before use
NCT05312345,Mallika Singh,Revolution Medicines,kras-inhibitors-from-discovery-to-patient-outcomes,LIKELY_HALLUCINATED,Verify at clinicaltrials.gov before use
NCT04512345,Silvia Palladino,Memorial Sloan Kettering Cancer Center,kras-targeted-therapies-overcoming-resistance-and-novel-combinations,LIKELY_HALLUCINATED,Verify at clinicaltrials.gov before use
NCT04165772,Akshat Singhal,City of Hope / UC San Diego,machine-learning-approaches-for-cancer-diagnosis-and-treatment-predict,LIKELY_HALLUCINATED,Verify at clinicaltrials.gov before use
NCT04512345,Hui Xu,MD Anderson Cancer Center,machine-learning-approaches-for-cancer-diagnosis-and-treatment-predict,LIKELY_HALLUCINATED,Verify at clinicaltrials.gov before use
NCT04512346,Chintan Parmar,AstraZeneca,machine-learning-approaches-for-cancer-diagnosis-and-treatment-predict,UNVERIFIED,Verify at clinicaltrials.gov before use
NCT04567890,Hanieh Ajami,Moffitt Cancer Center / University of South Florid,machine-learning-approaches-for-cancer-diagnosis-and-treatment-predict,LIKELY_HALLUCINATED,Verify at clinicaltrials.gov before use
NCT04789012,Jingyuan Wang,Fudan University Zhongshan Hospital / Yangtze Rive,machine-learning-approaches-for-cancer-diagnosis-and-treatment-predict,LIKELY_HALLUCINATED,Verify at clinicaltrials.gov before use
NCT04165772,Jennifer Guerrero,Brigham and Women's Hospital,macrophages-as-therapeutic-gatekeepers-from-biology-to-clinical-applic,LIKELY_HALLUCINATED,Verify at clinicaltrials.gov before use
NCT05812345,Tyler Miller,Case Western Reserve University School of Medicine,macrophages-as-therapeutic-gatekeepers-from-biology-to-clinical-applic,LIKELY_HALLUCINATED,Verify at clinicaltrials.gov before use
NCT04501873,Thomas Moran,Mount Sinai,macrophages-as-therapeutic-gatekeepers-from-biology-to-clinical-applic,UNVERIFIED,Verify at clinicaltrials.gov before use
NCT05312345,Thomas Moran,Mount Sinai,macrophages-as-therapeutic-gatekeepers-from-biology-to-clinical-applic,LIKELY_HALLUCINATED,Verify at clinicaltrials.gov before use
NCT02834013 (PD‑1 continuous dosing in melanoma),John Wherry,University of Pennsylvania,mechanisms-of-immune-evasion-and-immune-dysregulation,UNVERIFIED,Verify at clinicaltrials.gov before use
"NCT04571453 (bispecific PD‑1/CD22 trial, if existent)",John Wherry,University of Pennsylvania,mechanisms-of-immune-evasion-and-immune-dysregulation,UNVERIFIED,Verify at clinicaltrials.gov before use
NCT04165772,Dr. Valerie Weaver,"University of California, San Francisco",mechanotransduction-in-tumor-development-metastasis-and-therapy-resist,LIKELY_HALLUCINATED,Verify at clinicaltrials.gov before use
NCT01821057 (historical neoadjuvant MPA trial),Dr. Pankaj Singh,University of Oklahoma Health Sciences Center,metabolic-reprogramming-in-metastasis-nucleotide-pathways-as-drivers-a,UNVERIFIED,Verify at clinicaltrials.gov before use
Any upcoming trial identifiers for IMPDH2‑targeted combos,Dr. Pankaj Singh,University of Oklahoma Health Sciences Center,metabolic-reprogramming-in-metastasis-nucleotide-pathways-as-drivers-a,UNVERIFIED,Verify at clinicaltrials.gov before use
NCTxxxx (surgical window trial),Khalil Abdullah,University of Pittsburgh Medical Center,metabolic-signaling-and-therapeutic-vulnerabilities-in-cancer,UNVERIFIED,Verify at clinicaltrials.gov before use
NCTxxxx (MD Anderson IM‑156 trial),Sergio Attanasio,MD Anderson Cancer Center,metabolic-signaling-and-therapeutic-vulnerabilities-in-cancer,UNVERIFIED,Verify at clinicaltrials.gov before use
NCT04165772,Susan Bowman,University of Texas MD Anderson Cancer Center,microbiota-host-interactions-in-colorectal-cancer-development-and-ther,LIKELY_HALLUCINATED,Verify at clinicaltrials.gov before use
NCT??? (GI102 sub‑protocol C),Dr. Wolpin,Revolution Medicines,minisymposium-late-breaking-research,UNVERIFIED,Verify at clinicaltrials.gov before use
NCT04165772,Peter Sasieni,Queen Mary University of London,multicancer-early-detection-mced-where-we-are-and-how-we-realize-the-h,LIKELY_HALLUCINATED,Verify at clinicaltrials.gov before use
NCT04512345,Peter Sasieni,Queen Mary University of London,multicancer-early-detection-mced-where-we-are-and-how-we-realize-the-h,LIKELY_HALLUCINATED,Verify at clinicaltrials.gov before use
NCT04512345,Ruth Etzioni,Fred Hutchinson Cancer Research Center,multicancer-early-detection-mced-where-we-are-and-how-we-realize-the-h,LIKELY_HALLUCINATED,Verify at clinicaltrials.gov before use
NCTXXXXXXX (Synergy trial placeholder),Andreas Trump,German Cancer Research Center (DKFZ),neural-immune-crosstalk-in-cancer,UNVERIFIED,Verify at clinicaltrials.gov before use
NCT04512345  // hypothetical zenitatamab phase III biliary tract trial,Nina Weiser,Designworks,new-advances-in-bispecific-antibody-development,LIKELY_HALLUCINATED,Verify at clinicaltrials.gov before use
NCT04678901  // hypothetical zenitatamab + tislelizumab triplet trial,Nina Weiser,Designworks,new-advances-in-bispecific-antibody-development,LIKELY_HALLUCINATED,Verify at clinicaltrials.gov before use
NCT05812345  // hypothetical Zencor EMPP3 2+1 Phase 1 trial,John Desjarlais,Zencor,new-advances-in-bispecific-antibody-development,LIKELY_HALLUCINATED,Verify at clinicaltrials.gov before use
NCT05812345,Phil Chamberlain,Neomorph,new-drugs-on-the-horizon-part-1,LIKELY_HALLUCINATED,Verify at clinicaltrials.gov before use
NCT06011234,Suzanne Sitnikova,AstraZeneca,new-drugs-on-the-horizon-part-1,LIKELY_HALLUCINATED,Verify at clinicaltrials.gov before use
NCT06098765,Hillary Nicholson,Tango Therapeutics,new-drugs-on-the-horizon-part-1,LIKELY_HALLUCINATED,Verify at clinicaltrials.gov before use
NCT06123456,Shirah Garde,EpiBiologics,new-drugs-on-the-horizon-part-1,LIKELY_HALLUCINATED,Verify at clinicaltrials.gov before use
NCT0XXXXXXX,James Broderick,Palleon Pharmaceuticals,new-drugs-on-the-horizon-part-2,UNVERIFIED,Verify at clinicaltrials.gov before use
NCT0YYYYYYY,Sunib Jagani,Novartis Medical Institute,new-drugs-on-the-horizon-part-2,UNVERIFIED,Verify at clinicaltrials.gov before use
NCT0ZZZZZZZ,Vito Palomba,Triana,new-drugs-on-the-horizon-part-2,UNVERIFIED,Verify at clinicaltrials.gov before use
NCT0WWWWWWW,Megan Rice,AstraZeneca,new-drugs-on-the-horizon-part-2,UNVERIFIED,Verify at clinicaltrials.gov before use
NCT05812345,Martin Pass,Enfysta Therapeutics,new-drugs-on-the-horizon-part-3,LIKELY_HALLUCINATED,Verify at clinicaltrials.gov before use
NCT06011234,Smruthi Vijayaraghavan,Johnson & Johnson,new-drugs-on-the-horizon-part-3,LIKELY_HALLUCINATED,Verify at clinicaltrials.gov before use
NCT06098765,Stefan Pleiss,Ipsen Biopharmaceuticals,new-drugs-on-the-horizon-part-3,LIKELY_HALLUCINATED,Verify at clinicaltrials.gov before use
NCT04512345,Julie Sutcliffe,"University of California, Davis / Luminance Biosci",Advances Next Generation Radioligand Therapy,LIKELY_HALLUCINATED,Verify at clinicaltrials.gov before use
NCT04567890,Jason Lewis,MSKCC,Advances Next Generation Radioligand Therapy,LIKELY_HALLUCINATED,Verify at clinicaltrials.gov before use
NCT05234567,Marcus (Novartis),Novartis,Advances Next Generation Radioligand Therapy,LIKELY_HALLUCINATED,Verify at clinicaltrials.gov before use
NCT04513841,Eric (Innate Pharma),Innate Pharma,nk-cell-based-cancer-immunotherapy-from-biology-to-the-clinic,UNVERIFIED,Verify at clinicaltrials.gov before use
NCT04644268,Eric (Innate Pharma),Innate Pharma,nk-cell-based-cancer-immunotherapy-from-biology-to-the-clinic,UNVERIFIED,Verify at clinicaltrials.gov before use
NCT04513841,Tim Lu (Senti Bioscience),Senti Bioscience,nk-cell-based-cancer-immunotherapy-from-biology-to-the-clinic,UNVERIFIED,Verify at clinicaltrials.gov before use
NCTID referenced for high‑risk MRI trial (exact number not provided in transcript),Adam Yala,"University of California, Berkeley (CEO of AI star",Non-Invasive Early Detection of Single Site Cancers,UNVERIFIED,Verify at clinicaltrials.gov before use
NCT04513841,Katy Rezvani,MD Anderson,Off-the-Shelf Cell Therapies for Cancer and Beyond,UNVERIFIED,Verify at clinicaltrials.gov before use
NCT05312345,Katy Rezvani,MD Anderson,Off-the-Shelf Cell Therapies for Cancer and Beyond,LIKELY_HALLUCINATED,Verify at clinicaltrials.gov before use
NCT04513841,David Cheng,Allogene Therapeutics,Off-the-Shelf Cell Therapies for Cancer and Beyond,UNVERIFIED,Verify at clinicaltrials.gov before use
NCT05312345,David Cheng,Allogene Therapeutics,Off-the-Shelf Cell Therapies for Cancer and Beyond,LIKELY_HALLUCINATED,Verify at clinicaltrials.gov before use
NCT04165772,Dr. Carl H. June,University of Pennsylvania,opening-plenary-precision-partnership-purpose-advancing-cancer-science,LIKELY_HALLUCINATED,Verify at clinicaltrials.gov before use
NCT04526899,Dr. Carl H. June,University of Pennsylvania,opening-plenary-precision-partnership-purpose-advancing-cancer-science,UNVERIFIED,Verify at clinicaltrials.gov before use
NCT05812345,Dr. Regina Barzilay,Massachusetts Institute of Technology,opening-plenary-precision-partnership-purpose-advancing-cancer-science,LIKELY_HALLUCINATED,Verify at clinicaltrials.gov before use
NCT06098765,Dr. Regina Barzilay,Massachusetts Institute of Technology,opening-plenary-precision-partnership-purpose-advancing-cancer-science,LIKELY_HALLUCINATED,Verify at clinicaltrials.gov before use
NCT04165772,Patrick,Bristol Myers Squibb,optimizing-efficacy-while-limiting-toxicity-in-immunotherapy-for-cance,LIKELY_HALLUCINATED,Verify at clinicaltrials.gov before use
NCT04212345,Kristen Pauken,MD Anderson Cancer Center,optimizing-efficacy-while-limiting-toxicity-in-immunotherapy-for-cance,LIKELY_HALLUCINATED,Verify at clinicaltrials.gov before use
NCT04567890,Gabriel Nunez,University of Michigan,optimizing-efficacy-while-limiting-toxicity-in-immunotherapy-for-cance,LIKELY_HALLUCINATED,Verify at clinicaltrials.gov before use
NCT0015,Brian Rubin,Cleveland Clinic,pathobiology-of-sarcomas-and-emerging-technologies,UNVERIFIED,Verify at clinicaltrials.gov before use
NCT02813877,Gudrun Schillenbacher,University of Zurich,pediatric-cancer-from-mechanism-to-translation,UNVERIFIED,Verify at clinicaltrials.gov before use
NCT04165772,Anne Katherine Eisfeldt,Ohio State University,Advances in Hemologic Malignancies: Population Sciences for Hematologi,LIKELY_HALLUCINATED,Verify at clinicaltrials.gov before use
NCT04512345,Nicole Dresner,U.S. Food and Drug Administration,power-in-numbers-leveraging-adult-data-in-pediatric-cancer-drug-develo,LIKELY_HALLUCINATED,Verify at clinicaltrials.gov before use
NCT02534790,Mansi Dalal,U.S. Food and Drug Administration,power-in-numbers-leveraging-adult-data-in-pediatric-cancer-drug-develo,UNVERIFIED,Verify at clinicaltrials.gov before use
NCT02128592,Mansi Dalal,U.S. Food and Drug Administration,power-in-numbers-leveraging-adult-data-in-pediatric-cancer-drug-develo,UNVERIFIED,Verify at clinicaltrials.gov before use
NCT04165772,Professor Yujin Hosoda,University of Texas Southwestern Medical Center,precision-liver-cancer-care-across-the-continuum-from-prevention-to-th,LIKELY_HALLUCINATED,Verify at clinicaltrials.gov before use
NCT04212345,Professor Yujin Hosoda,University of Texas Southwestern Medical Center,precision-liver-cancer-care-across-the-continuum-from-prevention-to-th,LIKELY_HALLUCINATED,Verify at clinicaltrials.gov before use
NCT04512345,Dr. Manon Allaire,"La Pitié‑Salpêtrière Hospital, Paris (Inserm Centr",precision-liver-cancer-care-across-the-continuum-from-prevention-to-th,LIKELY_HALLUCINATED,Verify at clinicaltrials.gov before use
NCT04678901,Dr. Manon Allaire,"La Pitié‑Salpêtrière Hospital, Paris (Inserm Centr",precision-liver-cancer-care-across-the-continuum-from-prevention-to-th,LIKELY_HALLUCINATED,Verify at clinicaltrials.gov before use
NCT05812345,Dr. Bergamaschi,Institution not specified,precision-prevention-advances-in-early-detection-and-risk-assessment,LIKELY_HALLUCINATED,Verify at clinicaltrials.gov before use
NCT06098765,Dr. Bergamaschi,Institution not specified,precision-prevention-advances-in-early-detection-and-risk-assessment,LIKELY_HALLUCINATED,Verify at clinicaltrials.gov before use
NCT05765432,Dr. Annapragada,Johns Hopkins University,precision-prevention-advances-in-early-detection-and-risk-assessment,UNVERIFIED,Verify at clinicaltrials.gov before use
"NCT??? (Melbourne trial recruiting, not specified in transcript)",Andreas Strasser,Walter and Eliza Hall Institute,programmed-cell-death-mechanisms-and-therapeutic-opportunities,UNVERIFIED,Verify at clinicaltrials.gov before use
"NCT??? (DT2216 + paclitaxel trial at Dana‑Farber, not specified)",Larry Boyes,Dana‑Farber Cancer Institute,programmed-cell-death-mechanisms-and-therapeutic-opportunities,UNVERIFIED,Verify at clinicaltrials.gov before use
NCT04165772,Johan de Bono,The Royal Marsden and ICR,From Molecular Mechanisms to Therapeutic Opportunity in Prostate Cance,LIKELY_HALLUCINATED,Verify at clinicaltrials.gov before use
NCT04512345,Johan de Bono,The Royal Marsden and ICR,From Molecular Mechanisms to Therapeutic Opportunity in Prostate Cance,LIKELY_HALLUCINATED,Verify at clinicaltrials.gov before use
NCT04567890,Misha Beltran,Dana-Farber Cancer Institute,From Molecular Mechanisms to Therapeutic Opportunity in Prostate Cance,LIKELY_HALLUCINATED,Verify at clinicaltrials.gov before use
NCTXXXXXXX (BetaBART Phase 1/2 trial – placeholder),David (Dave) [LastName],University/Institution (unspecified),radioligand-therapy-immunity-and-biological-mechanisms,UNVERIFIED,Verify at clinicaltrials.gov before use
NCT04165772 (PLUVICTO + pembrolizumab combination trial – placeholder),Mike Evans,UCSF,radioligand-therapy-immunity-and-biological-mechanisms,LIKELY_HALLUCINATED,Verify at clinicaltrials.gov before use
NCTXXXXX (preclinical NM600 + checkpoint study – placeholder),Ravi Patel,University of Pittsburgh,radioligand-therapy-immunity-and-biological-mechanisms,UNVERIFIED,Verify at clinicaltrials.gov before use
NCT01578239,Jonathan McConathy,University of Alabama,radiotheranostics-nuts-and-bolts,UNVERIFIED,Verify at clinicaltrials.gov before use
NCT03511664,Jonathan McConathy,University of Alabama,radiotheranostics-nuts-and-bolts,UNVERIFIED,Verify at clinicaltrials.gov before use
NCT04165772,Jonathan McConathy,University of Alabama,radiotheranostics-nuts-and-bolts,LIKELY_HALLUCINATED,Verify at clinicaltrials.gov before use
NCT04165772,Channing,Academic,ras-inhibitors-mechanisms-of-resistance-and-drug-combinations,LIKELY_HALLUCINATED,Verify at clinicaltrials.gov before use
NCT04512345,Sandra Massali,Johns Hopkins University,ras-inhibitors-mechanisms-of-resistance-and-drug-combinations,LIKELY_HALLUCINATED,Verify at clinicaltrials.gov before use
NCT04567890,Andy Aguirre,Dana‑Farber Cancer Institute,ras-inhibitors-mechanisms-of-resistance-and-drug-combinations,LIKELY_HALLUCINATED,Verify at clinicaltrials.gov before use
TUBAWISP-2 (NCT not provided in transcript),Rebecca Stone,University of Maryland,reframing-gynecologic-cancer-prevention-from-stic-discovery-to-salping,UNVERIFIED,Verify at clinicaltrials.gov before use
NCT04165772,Leif Ellison,Mass General Hospital,Resistance to Antibody-Drug Conjugates,LIKELY_HALLUCINATED,Verify at clinicaltrials.gov before use
NCT04223856,Jonathan Chou,UCSF,Resistance to Antibody-Drug Conjugates,UNVERIFIED,Verify at clinicaltrials.gov before use
NCT05812345 (Phase 1 SagA‑engineered Lactococcus trial),Howard Hang,Scripps University,role-of-the-intestinal-microbiome-in-car-t-cell-therapy,LIKELY_HALLUCINATED,Verify at clinicaltrials.gov before use
NCT04512345,Jakob Kater,Technical University of Dresden / University Hospi,shaping-the-future-of-ai-the-role-of-pathology-in-the-development-of-f,LIKELY_HALLUCINATED,Verify at clinicaltrials.gov before use
NCT04512345,Ray Pillai,NYU,signaling-pathways-in-cancer-dedicated-to-the-memory-of-j-michael-bish,LIKELY_HALLUCINATED,Verify at clinicaltrials.gov before use
NCT04567890 (hypothetical PLDR trial identifier),Hatti (unnamed speaker on stromal interception),Fox Chase Cancer Center,silent-lesions-dynamic-niches-harnessing-the-stroma-to-prevent-cancer-,LIKELY_HALLUCINATED,Verify at clinicaltrials.gov before use
NCT00265550,Steve Soto,USC Norris Center,Spatial Biomarkers at Single-Cell Resolution,UNVERIFIED,Verify at clinicaltrials.gov before use
NCTXXXXXXX (BAFF‑R CAR trial identifier mentioned by speaker),Steve Forman,City of Hope,synthetic-biology-approaches-to-cancer-and-immune-cell-therapy,UNVERIFIED,Verify at clinicaltrials.gov before use
NCTXXXXXXX (KRAS G12V TCR trial),Phil Greenberg,Fred Hutchinson Cancer Research Center,synthetic-biology-approaches-to-cancer-and-immune-cell-therapy,UNVERIFIED,Verify at clinicaltrials.gov before use
NCTYYYYYYY (Aeolus knockout TCR study),Phil Greenberg,Fred Hutchinson Cancer Research Center,synthetic-biology-approaches-to-cancer-and-immune-cell-therapy,UNVERIFIED,Verify at clinicaltrials.gov before use
NCT01847274,Mark O'Connor,AstraZeneca,synthetic-lethality-in-oncology-progress-made-pitfalls-encountered-and,UNVERIFIED,Verify at clinicaltrials.gov before use
NCT02032277,Mark O'Connor,AstraZeneca,synthetic-lethality-in-oncology-progress-made-pitfalls-encountered-and,UNVERIFIED,Verify at clinicaltrials.gov before use
NCT03511664,Dr. Delphine Chen,Fred Hutch Cancer Center,Targeted Alpha and Beta Emitting Radiopharmaceuticals: Multidisciplina,UNVERIFIED,Verify at clinicaltrials.gov before use
NCT03511679,Dr. Delphine Chen,Fred Hutch Cancer Center,Targeted Alpha and Beta Emitting Radiopharmaceuticals: Multidisciplina,UNVERIFIED,Verify at clinicaltrials.gov before use
NCT04689828,Dr. Neil Tonk,University of Pennsylvania,Targeted Alpha and Beta Emitting Radiopharmaceuticals: Multidisciplina,UNVERIFIED,Verify at clinicaltrials.gov before use
NCT04597411,Dr. Neil Tonk,University of Pennsylvania,Targeted Alpha and Beta Emitting Radiopharmaceuticals: Multidisciplina,UNVERIFIED,Verify at clinicaltrials.gov before use
NCT05204986,Dr. Neil Tonk,University of Pennsylvania,Targeted Alpha and Beta Emitting Radiopharmaceuticals: Multidisciplina,UNVERIFIED,Verify at clinicaltrials.gov before use
NCT05312345,Dr. Zach Morris,University of Wisconsin,Targeted Alpha and Beta Emitting Radiopharmaceuticals: Multidisciplina,LIKELY_HALLUCINATED,Verify at clinicaltrials.gov before use
NCT05498765,Dr. Zach Morris,University of Wisconsin,Targeted Alpha and Beta Emitting Radiopharmaceuticals: Multidisciplina,LIKELY_HALLUCINATED,Verify at clinicaltrials.gov before use
Breaker-101,James Theis,BridgeBio Oncology Therapeutics,Targeted Protein Degradation,UNVERIFIED,Verify at clinicaltrials.gov before use
NCT04583969 (Tropion‑PanTumor01),Dr. Dhruv Chachad,MD Anderson Cancer Center,targeted-therapy-data-driven-approaches-and-novel-drugs,UNVERIFIED,Verify at clinicaltrials.gov before use
NCT04525484,Dr. Scott Kopetz,University of Texas MD Anderson Cancer Center,targeted-therapy-frontiers-in-microsatellite-stable-metastatic-colorec,UNVERIFIED,Verify at clinicaltrials.gov before use
NCT05812345 (planned coffee RCT),Minyang Song,Harvard School of Public Health,the-impact-of-lifestyle-diet-and-the-microbiome-on-cancer-onset-and-sp,LIKELY_HALLUCINATED,Verify at clinicaltrials.gov before use
NCT_Combination_EZH2_AKT_TNBC,Karen Kochowski,Brigham and Women's Hospital / Harvard Medical Sch,the-making-of-cancer-from-cellular-events-to-systemic-diseasebreakthro,UNVERIFIED,Verify at clinicaltrials.gov before use
NCT_UNCOVER,Eileen White,Rutgers Cancer Institute / Princeton University,the-making-of-cancer-from-cellular-events-to-systemic-diseasebreakthro,UNVERIFIED,Verify at clinicaltrials.gov before use
NCT_Lotus,Eileen White,Rutgers Cancer Institute / Princeton University,the-making-of-cancer-from-cellular-events-to-systemic-diseasebreakthro,UNVERIFIED,Verify at clinicaltrials.gov before use
NCT04565772,Davide Ruggiero,UCSF,the-role-of-mrna-translation-reprogramming-in-cancer,LIKELY_HALLUCINATED,Verify at clinicaltrials.gov before use
NCT10355,Dr. Elizabeth Lee,Dana-Farber Cancer Institute,Therapeutic Advances in Antibody Drug Conjugates,UNVERIFIED,Verify at clinicaltrials.gov before use
NCT02870322 (ADD‑Aspirin),Omer Yilmaz,Koch Institute for Integrative Cancer Research / B,translating-epidemiology-to-the-clinic-aspirin-for-the-prevention-and-,LIKELY_HALLUCINATED,Verify at clinicaltrials.gov before use
NCT02870322 (ASPREE) – note ASPREE is NCT01038583,Omer Yilmaz,Koch Institute for Integrative Cancer Research / B,translating-epidemiology-to-the-clinic-aspirin-for-the-prevention-and-,LIKELY_HALLUCINATED,Verify at clinicaltrials.gov before use
NCT02870322 (ADD‑Aspirin),Ruth Langley,University College London,translating-epidemiology-to-the-clinic-aspirin-for-the-prevention-and-,LIKELY_HALLUCINATED,Verify at clinicaltrials.gov before use
NCT02870322 (CAP‑3),Ruth Langley,University College London,translating-epidemiology-to-the-clinic-aspirin-for-the-prevention-and-,LIKELY_HALLUCINATED,Verify at clinicaltrials.gov before use
NCT02870322 (ADD‑Aspirin),Raymond Dubois,"Medical University of South Carolina, Hollings Can",translating-epidemiology-to-the-clinic-aspirin-for-the-prevention-and-,LIKELY_HALLUCINATED,Verify at clinicaltrials.gov before use
NCT02870322 (celecoxib adjuvant trials),Raymond Dubois,"Medical University of South Carolina, Hollings Can",translating-epidemiology-to-the-clinic-aspirin-for-the-prevention-and-,LIKELY_HALLUCINATED,Verify at clinicaltrials.gov before use
NCT04567890 (hypothetical EP4 antagonist trial – to be monitored),Raymond Dubois,"Medical University of South Carolina, Hollings Can",translating-epidemiology-to-the-clinic-aspirin-for-the-prevention-and-,LIKELY_HALLUCINATED,Verify at clinicaltrials.gov before use
NCT04165772,Crystal Paulos,Emory Winship Cancer Institute,tumor-immunology-for-non-immunologists-back-to-basics,LIKELY_HALLUCINATED,Verify at clinicaltrials.gov before use
NCT04526899,Crystal Paulos,Emory Winship Cancer Institute,tumor-immunology-for-non-immunologists-back-to-basics,UNVERIFIED,Verify at clinicaltrials.gov before use
NCT03553831,Dmitry Zhamarin,Mount Sinai,tumor-immunology-for-non-immunologists-back-to-basics,UNVERIFIED,Verify at clinicaltrials.gov before use
NCT04513822,Dmitry Zhamarin,Mount Sinai,tumor-immunology-for-non-immunologists-back-to-basics,UNVERIFIED,Verify at clinicaltrials.gov before use
NCT04165772,Shubham Pant,MD Anderson Cancer Center,turning-the-tide-in-the-fight-against-pancreatic-cancer,LIKELY_HALLUCINATED,Verify at clinicaltrials.gov before use
NCT04585035,Shubham Pant,MD Anderson Cancer Center,turning-the-tide-in-the-fight-against-pancreatic-cancer,LIKELY_HALLUCINATED,Verify at clinicaltrials.gov before use
NCT04585035,Dani Engel,Salk Institute,turning-the-tide-in-the-fight-against-pancreatic-cancer,LIKELY_HALLUCINATED,Verify at clinicaltrials.gov before use
NCT03013260 (TRIO‑USB07),Christina Curtis,Stanford University,understanding-the-impact-of-mechanobiology-on-tumor-evolution,UNVERIFIED,Verify at clinicaltrials.gov before use
NCT02834013 (TONIC trial),Christina Curtis,Stanford University,understanding-the-impact-of-mechanobiology-on-tumor-evolution,UNVERIFIED,Verify at clinicaltrials.gov before use
NCT04165772,Myall‑Ghanayem,University College London (TRACERx/PEACE consortiu,unraveling-the-role-of-extrachromosomal-dna-in-cancer-evolution-and-th,LIKELY_HALLUCINATED,Verify at clinicaltrials.gov before use
